{
    "56479992-77df-4e03-be1e-de66fbc89e0d": {
        "filename": "Untitled document.pdf",
        "chunk_count": 1,
        "timestamp": 1777659323.8426504
    },
    "00625916-c7b0-4e6c-bfda-98f7cc60e9d1": {
        "filename": "Untitled document (2).pdf",
        "chunk_count": 5,
        "timestamp": 1777659941.1917405
    }
}